[
    {
        "d": "강력한",
        "i": "표현력있는",
        "s": "절제하는",
        "c": "꼼꼼한"
    },
    {
        "d": "개척적인",
        "i": "흥미진진한",
        "s": "만족스러운",
        "c": "정확한"
    },
    {
        "d": "대담한",
        "i": "활기있는",
        "s": "기꺼이하는",
        "c": "정교한"
    },
    {
        "d": "논쟁을 좋아하는",
        "i": "예측할 수 없는",
        "s": "참을성 있는",
        "c": "공손한"
    },
    {
        "d": "무서움을 모르는",
        "i": "사교적인",
        "s": "참을성 있는",
        "c": "공손한"
    },
    {
        "d": "독립심이 강한",
        "i": "설득력 있는",
        "s": "온화한",
        "c": "논리적인"
    },
    {
        "d": "과단성 있는",
        "i": "파티를 좋아하는",
        "s": "차분한",
        "c": "신중한"
    },
    {
        "d": "고집있는",
        "i": "인기있는",
        "s": "인심좋은",
        "c": "완벽주의자"
    },
    {
        "d": "완고한",
        "i": "변화가 많은",
        "s": "느긋한",
        "c": "수줍음을 타는"
    },
    {
        "d": "의지가 강한",
        "i": "낙관적인",
        "s": "친절한",
        "c": "체계적인"
    },
    {
        "d": "엄격한",
        "i": "말주변이 좋은",
        "s": "상냥한",
        "c": "겸손한"
    },
    {
        "d": "의지가 강한",
        "i": "놀기 좋아하는",
        "s": "호의적인",
        "c": "빈틈이 없는"
    },
    {
        "d": "모험적인",
        "i": "참신한",
        "s": "신중한",
        "c": "절제된"
    },
    {
        "d": "공격적인",
        "i": "매력있는",
        "s": "성실함",
        "c": "참는"
    },
    {
        "d": "단호한",
        "i": "열정적인",
        "s": "동정심이 많은",
        "c": "분석적인"
    },
    {
        "d": "지도력있는",
        "i": "충동적인",
        "s": "느린",
        "c": "비판적인"
    },
    {
        "d": "영향력있는",
        "i": "생기있는",
        "s": "느긋한",
        "c": "일관성있는"
    },
    {
        "d": "독립적인",
        "i": "유력한",
        "s": "친절한",
        "c": "정돈된"
    },
    {
        "d": "솔직한",
        "i": "평판이 좋은",
        "s": "쾌활한",
        "c": "이상주의적인"
    },
    {
        "d": "참을성 없는",
        "i": "감성적인",
        "s": "미루는",
        "c": "사려깊은"
    },
    {
        "d": "경쟁심 있는",
        "i": "자발적인",
        "s": "충성스러운",
        "c": "사려깊은"
    },
    {
        "d": "용기있는",
        "i": "설득력있는",
        "s": "이해심 많은",
        "c": "희생적인"
    },
    {
        "d": "밀어붙이는",
        "i": "변덕스러운",
        "s": "의존적인",
        "c": "절제력있는"
    },
    {
        "d": "이끌어가는",
        "i": "사람을 부추기는",
        "s": "포용력있는",
        "c": "전통적인"
    }
]