{
	"d": {
		"title":"Type D(감독형)",
		"typeDescription":"감히 누가 내 자리를 넘볼 수 있으랴\n\n감독형은 마치 자신이 아니면 어느 누구도 문제를 해결할 수 없다는 듯이 저돌적으로 덤벼든다. 집안일이든, 기업 인수 경쟁이든, 식당에서 밥값을 내는 일이든 가리지 않는다. 감독형은 쉽게 눈에 띈다. 사람들은 이들 앞에서 움츠러들면서도 존경심을 내비친다. 이들은 최상의 경우 경외감을 자아내지만, 최악의 경우 비정하다는 소리를 듣는다. 한편 지배욕이 강하고 ‘타고난 지도자’로 여겨질 정도로 사람들을 이끄는 데 수완을 발휘한다. 수줍음은 거의 타지 않고 겸손해하는 법도 없다. 이들은 훌륭한 축구 코치나 군대의 장군, 또는 독재자가 될 수 있는 운명을 타고났다. 도전적이고 결단력있는 감독형은 항상 사태를 주도하려는 내적인 욕구에 의해 움직인다. 이들은 뭔가를 성취하고 장애를 극복하며 목표를 달성하는 데서 성취욕을 느낀다. 요약하면 이렇다.\n\n*가장 신나는 것 : 도전\n*최고의 장점 : 탁월한 성취\n*최대의 약점 : 상대방의 나약함을 참지 못한다\n*최대의 두려움 : 부드러워지는 것\n\n*어울리는 취미 생활과 스포츠\n*자신이 통제할 수 있어야 하고, 모험과 경쟁을 즐기며 승부욕과 목표 의식이 강한 D형이 선호하는 취미나 스포츠는 주로 최신 등장한 것들일 가능성이 높다. 장난감 같은 것을 갖고 놀기 좋아하는 편이며, 많이 알려져 있고 일반화된 것들은 아무래도 잘 선택하지 않으려 한다. 카 레이싱, 스노보딩, 암벽 등반, 고산 등정 등. 하지만 열심히 하다가도 뜻대로 잘 안 되면 미련 없이 바로 그만둘 수 있는 것도 D형의 특성이다. 물론 대중적인 수영, 축구, 테니스, 마라톤 등도 얼마든지 가능하지만 운동을 선택하는 데 있어 중요한 것은 내가 잘할 수 있고 얼마나 통제할 수 있느냐 하는 것이다."
	},
	"i": {
		"title":"Type I(사교형)",
		"typeDescription":"나와 함께라면 언제 어디서나 즐거울걸\n\n당신은 사교형의 특성을 많이 갖고 있다. 사교형은 항상 적절한 무대와 좋은 청중을 찾는 엔터테이너에 가깝다. 또한 수다스럽고자신을 잘 표현하며, 놀기 좋아하는 낙천가다. 해변의 사람들이 그 모습을 보고 환호성이라도 지른다면 더욱 신이 난다. 사교형은사람들을 좋아하기 때문에 사람들과 함께 움직이는 현장에서 빛을 발한다. 이들은 내심 자기가 좋아한다는 뜻만 내비치면 다른사람들도 자기를 따라올 것이라고 믿는다. 이들은 영업사원이나 선상의 파티 사회자 같은 홍보 분야에 적합하다.이들에게 삶의 의미란 자신의 재능과 창조성을 평가해 주는 친구와 숭배자들을 이끄는 것이다.\n\n*가장 신나는 것 : 생각을 늘어놓는 것\n*최고의 장점 : 주변을 즐겁게 하는 것\n*최대의 약점 : 괴짜로 보이는 것\n*최대의 두려움 : 호감을 사지 못하는 것\n\n*어울리는 취미 생활과 스포츠*\n열정적이고 많은 사람들과의 교류, 그리고 인기(스포트라이트)와 화려함, 칭찬 받기를 좋아하는 I형이 선호하는 취미나 스포츠는 무엇일까. 프로 야구나 축구장 가서 응원하기, 몰려서 노래방 가기, 파티에 참가하기, 단체 영화 관람, 여행, 쇼핑, 악기연주(음악 밴드), 스포츠 댄스 등일 가능성이 높다. 하지만 재미가 없어지거나 소외감을 느낄 때는 또 다른 것을 찾아 쉽게 떠날 수 있다는 점도 I형의 특성이다."
	},
	"s": {
		"title":"Type S(관계형)",
		"typeDescription":"이기는 것보다 친구를 얻는 게 낫다\n\n당신의 지배적인 성격 유형은 관계형이다. 만약 테러리스트에게 인질로 잡혀 있는 상황이라면, 테러리스트를 설득할 협상자가 관계형이기를 빌어야 한다. 관계형은 감정을 절제할 줄 알고 차분하며, 분별력이 있어서 테러리스트의 화를 돋울 어떤 갑작스러운 행동이나말을 하지 않는다. 관계형은 친근하고 매력적이다. 이들은 느리지만 꾸준하게 일하며 감정의 높낮이를 드러내는 일이 거의 없다. 이처럼 매사에 태평한 관계형은 교사나 상담 전문가, 성직자 혹은 고객 서비스 담당자로 제격이다. 이들은 천천히, 그리고 질서 정연하게 나아가는 팀의 고참이 됨으로써 삶의 만족을 얻는다.\n\n*가장 신나는 것 : 보람 있는 일상\n*최고의 장점 : 함께 있기 편하다\n*최대의 약점 : 소심함\n*최대의 두려움 : 변화\n\n*어울리는 취미 생활과 스포츠*\n봉사 정신이 강하고 상냥하며, 안전한 것을 선호하는 S형은 가족과 함께 하는 외식, 음악 감상, 독서(소설이나 수필집), 자원봉사, 등산, 조깅 등을 선호할 가능성이 높다. 그리고 이러한 활동을 가능하면 자신의 가족과 또는 소수의 친한 친구들과 함께 하기를 좋아하며, 대체로 어려서부터 익숙해진 것일 가능성이 높다. 하지만 이러한 것들도 생소하거나 타인에게 피해를 줄 수 있다고 느끼면 선택하지 않는 것이 S형의 특징이다. 물론 S형도 얼마든지 다른 취미나 스포츠도 가능하지만, 대체로 튀지 않으면서 충실하게 기여할 수 있는 역할을 찾을 것이다."
	},
	"c": {
		"title":"Type C(사고형)",
		"typeDescription":"대강 할 바에는 아예 하지 않는 것이 낫다\n\n당신은 사고형의 특성을 많이 갖고 있다. 사고형은 아마도 학창 시절에 기말 보고서 작성하는 것을 좋아했을 것이다. 이들은 진지하며 장기적인 목표를 갖고 있는 분석적인 사람들이다. 또한 효율성을 소중하게 여기고 논리를 사랑하며 정확성을 숭배한다. 사고형은 네 가지 유형 중에서 가장 지적이다. 이들은 감독형처럼 사람들을 관리하는 일을 선호하는 편이다. 그러나 감독형과 달리 매사에 심사숙고하고 조심스러움을 잃지 않는다. 또한 매우 철두철미하여 때로는 실수까지 철저하게 할 정도다. 세부 사항과 규율에 능하고 명확하게 정의된 우선순위와 속도를 원하는 이들은 건축가, 기술자, 컴퓨터 프로그래머, 공인회계사가 되기에 천부적인 소질을 갖고 있다. 이들이 삶에서 가장 중시하는 것은 조심스럽게 진보를 이루어가는 것이다.\n\n*가장 신나는 것 : 논리\n*최고의 장점 : 작업의 높은 완성도\n*최대의 약점 : 지나친 비판성\n*최대의 두려움 : 비합리성\n\n*어울리는 취미 생활과 스포츠*\n차분하고 조심스러우며 신중하고 정확성과 완벽성을 추구하는 C형은 바둑, 장기, 고난도의 컴퓨터 게임, 퀴즈 풀이, 독서(추리 소설, 전문 서적), 낚시, 산책, 골프, 테니스, 당구, 패러글라이딩 등을 선호할 가능성이 높다. 엄격한 규칙이 있고 복잡한 것일수록 C형은 승부욕을 느끼며 더욱더 집착하고 매달릴 것이다."
	}
}